{
  "@class" : "org.sehkah.ddon.tools.extractor.lib.logic.resource.entity.season3.quest.QuestMarkerInfo",
  "fileHeader" : {
    "magicString" : "QMI\u0000",
    "magicBytesLength" : 4,
    "versionNumber" : 1,
    "versionBytesLength" : 4
  },
  "infoList" : [ {
    "GroupNo" : 3303988272,
    "UniqueId" : 1100218368,
    "Pos" : {
      "X" : -84.55719,
      "Y" : 1.4E-45,
      "Z" : 1.4E-45
    }
  }, {
    "GroupNo" : 3304689418,
    "UniqueId" : 1102053376,
    "Pos" : {
      "X" : -267.15128,
      "Y" : 1.4E-45,
      "Z" : 2.8E-45
    }
  }, {
    "GroupNo" : 3305317174,
    "UniqueId" : 1105503264,
    "Pos" : {
      "X" : -126.36618,
      "Y" : 2.8E-45,
      "Z" : 1.4E-45
    }
  }, {
    "GroupNo" : 3304660571,
    "UniqueId" : 1100218360,
    "Pos" : {
      "X" : 43.398834,
      "Y" : 2.8E-45,
      "Z" : 2.8E-45
    }
  } ],
  "stageNo" : 213,
  "fileSize" : 96
}