{
  "@class" : "org.sehkah.ddon.tools.extractor.lib.logic.resource.entity.season3.quest.QuestMarkerInfo",
  "fileHeader" : {
    "magicString" : "QMI\u0000",
    "magicBytesLength" : 4,
    "versionNumber" : 1,
    "versionBytesLength" : 4
  },
  "infoList" : [ {
    "GroupNo" : 3292765160,
    "UniqueId" : 1175403008,
    "Pos" : {
      "X" : 129.52765,
      "Y" : 1.4E-45,
      "Z" : 1.4E-45
    }
  }, {
    "GroupNo" : 3290396033,
    "UniqueId" : 1175403008,
    "Pos" : {
      "X" : -46.43499,
      "Y" : 2.8E-45,
      "Z" : 1.4E-45
    }
  }, {
    "GroupNo" : 3287668409,
    "UniqueId" : 1175401472,
    "Pos" : {
      "X" : -369.5835,
      "Y" : 4.2E-45,
      "Z" : 1.4E-45
    }
  }, {
    "GroupNo" : 3279656790,
    "UniqueId" : 1175401472,
    "Pos" : {
      "X" : -424.17377,
      "Y" : 4.2E-45,
      "Z" : 2.8E-45
    }
  } ],
  "stageNo" : 201,
  "fileSize" : 96
}