{
  "@class" : "org.sehkah.ddon.tools.extractor.lib.logic.resource.entity.season3.quest.QuestMarkerInfo",
  "fileHeader" : {
    "magicString" : "QMI\u0000",
    "magicBytesLength" : 4,
    "versionNumber" : 1,
    "versionBytesLength" : 4
  },
  "infoList" : [ {
    "GroupNo" : 3288782116,
    "UniqueId" : 1175400322,
    "Pos" : {
      "X" : 25.296967,
      "Y" : 1.4E-45,
      "Z" : 4.2E-45
    }
  }, {
    "GroupNo" : 3290400116,
    "UniqueId" : 1175400355,
    "Pos" : {
      "X" : -99.26511,
      "Y" : 1.4E-45,
      "Z" : 2.8E-45
    }
  }, {
    "GroupNo" : 3276788784,
    "UniqueId" : 1175400431,
    "Pos" : {
      "X" : -607.4316,
      "Y" : 1.4E-45,
      "Z" : 1.4E-45
    }
  }, {
    "GroupNo" : 1149673918,
    "UniqueId" : 1175401472,
    "Pos" : {
      "X" : -513.29846,
      "Y" : 1.4E-45,
      "Z" : 5.6E-45
    }
  } ],
  "stageNo" : 201,
  "fileSize" : 96
}