{
  "@class" : "org.sehkah.ddon.tools.extractor.lib.logic.entity.season3.quest.QuestMarkerInfo",
  "fileHeader" : {
    "magicString" : "QMI\u0000",
    "magicBytesLength" : 4,
    "versionNumber" : 1,
    "versionBytesLength" : 4
  },
  "stageNo" : 201,
  "infoList" : [ {
    "GroupNo" : 3300492913,
    "UniqueId" : 1175436913,
    "Pos" : {
      "X" : -477.95578,
      "Y" : 0.0,
      "Z" : 0.0
    }
  }, {
    "GroupNo" : 3299816457,
    "UniqueId" : 1175437170,
    "Pos" : {
      "X" : 551.7078,
      "Y" : 0.0,
      "Z" : 1.4E-45
    }
  }, {
    "GroupNo" : 3302934531,
    "UniqueId" : 1175436437,
    "Pos" : {
      "X" : 757.8574,
      "Y" : 0.0,
      "Z" : 2.8E-45
    }
  }, {
    "GroupNo" : 3302771967,
    "UniqueId" : 1175436245,
    "Pos" : {
      "X" : 483.45023,
      "Y" : 0.0,
      "Z" : 4.2E-45
    }
  } ],
  "fileSize" : 96
}