{
  "@class" : "org.sehkah.ddon.tools.extractor.lib.logic.entity.season3.quest.QuestMarkerInfo",
  "fileHeader" : {
    "magicString" : "QMI\u0000",
    "magicBytesLength" : 4,
    "versionNumber" : 1,
    "versionBytesLength" : 4
  },
  "stageNo" : 213,
  "infoList" : [ {
    "GroupNo" : 3306021754,
    "UniqueId" : 1100218370,
    "Pos" : {
      "X" : -202.9531,
      "Y" : 0.0,
      "Z" : 0.0
    }
  }, {
    "GroupNo" : 3303851005,
    "UniqueId" : 1100218368,
    "Pos" : {
      "X" : -475.40335,
      "Y" : 0.0,
      "Z" : 1.4E-45
    }
  }, {
    "GroupNo" : 3304689418,
    "UniqueId" : 1105186224,
    "Pos" : {
      "X" : -267.15128,
      "Y" : 0.0,
      "Z" : 2.8E-45
    }
  }, {
    "GroupNo" : 3305224195,
    "UniqueId" : 1100275808,
    "Pos" : {
      "X" : 79.61935,
      "Y" : 1.4E-45,
      "Z" : 0.0
    }
  } ],
  "fileSize" : 96
}