{
  "@class" : "org.sehkah.ddon.tools.extractor.lib.logic.resource.entity.season3.quest.QuestMarkerInfo",
  "fileHeader" : {
    "magicString" : "QMI\u0000",
    "magicBytesLength" : 4,
    "versionNumber" : 1,
    "versionBytesLength" : 4
  },
  "infoList" : [ {
    "GroupNo" : 1110148768,
    "UniqueId" : 1175401473,
    "Pos" : {
      "X" : -592.70496,
      "Y" : 1.4E-45,
      "Z" : 1.4E-45
    }
  }, {
    "GroupNo" : 3286843764,
    "UniqueId" : 1175401472,
    "Pos" : {
      "X" : -366.99524,
      "Y" : 2.8E-45,
      "Z" : 1.4E-45
    }
  }, {
    "GroupNo" : 3282238300,
    "UniqueId" : 1175403008,
    "Pos" : {
      "X" : -152.1788,
      "Y" : 2.8E-45,
      "Z" : 2.8E-45
    }
  }, {
    "GroupNo" : 1121459536,
    "UniqueId" : 1175401473,
    "Pos" : {
      "X" : -591.0667,
      "Y" : 2.8E-45,
      "Z" : 4.2E-45
    }
  } ],
  "stageNo" : 201,
  "fileSize" : 96
}