{
  "@class" : "org.sehkah.ddon.tools.extractor.lib.logic.resource.entity.season3.quest.QuestMarkerInfo",
  "fileHeader" : {
    "magicString" : "QMI\u0000",
    "magicBytesLength" : 4,
    "versionNumber" : 1,
    "versionBytesLength" : 4
  },
  "infoList" : [ {
    "GroupNo" : 3305013392,
    "UniqueId" : 1102053376,
    "Pos" : {
      "X" : -270.25742,
      "Y" : 1.4E-45,
      "Z" : 1.4E-45
    }
  }, {
    "GroupNo" : 3304447244,
    "UniqueId" : 1100218368,
    "Pos" : {
      "X" : -41.350967,
      "Y" : 1.4E-45,
      "Z" : 2.8E-45
    }
  }, {
    "GroupNo" : 3306075842,
    "UniqueId" : 1100218368,
    "Pos" : {
      "X" : -105.40995,
      "Y" : 1.4E-45,
      "Z" : 4.2E-45
    }
  }, {
    "GroupNo" : 3304769396,
    "UniqueId" : 1100218368,
    "Pos" : {
      "X" : 254.0633,
      "Y" : 2.8E-45,
      "Z" : 1.4E-45
    }
  } ],
  "stageNo" : 213,
  "fileSize" : 96
}