{
  "@class" : "org.sehkah.ddon.tools.extractor.lib.logic.resource.entity.season3.quest.QuestMarkerInfo",
  "fileHeader" : {
    "magicString" : "QMI\u0000",
    "magicBytesLength" : 4,
    "versionNumber" : 1,
    "versionBytesLength" : 4
  },
  "infoList" : [ {
    "GroupNo" : 3292189963,
    "UniqueId" : 1175403008,
    "Pos" : {
      "X" : 124.14876,
      "Y" : 1.4E-45,
      "Z" : 1.4E-45
    }
  }, {
    "GroupNo" : 3289247566,
    "UniqueId" : 1175403008,
    "Pos" : {
      "X" : 306.66937,
      "Y" : 1.4E-45,
      "Z" : 2.8E-45
    }
  }, {
    "GroupNo" : 3287024866,
    "UniqueId" : 1175401472,
    "Pos" : {
      "X" : -425.21634,
      "Y" : 1.4E-45,
      "Z" : 4.2E-45
    }
  }, {
    "GroupNo" : 3278201690,
    "UniqueId" : 1175401472,
    "Pos" : {
      "X" : -528.12494,
      "Y" : 1.4E-45,
      "Z" : 5.6E-45
    }
  } ],
  "stageNo" : 201,
  "fileSize" : 96
}