{
  "@class" : "org.sehkah.ddon.tools.extractor.lib.logic.entity.season3.quest.QuestMarkerInfo",
  "fileHeader" : {
    "magicString" : "QMI\u0000",
    "magicBytesLength" : 4,
    "versionNumber" : 1,
    "versionBytesLength" : 4
  },
  "stageNo" : 370,
  "infoList" : [ {
    "GroupNo" : 1143388019,
    "UniqueId" : 3232553792,
    "Pos" : {
      "X" : -685.3516,
      "Y" : 0.0,
      "Z" : 2.102E-42
    }
  }, {
    "GroupNo" : 1142087449,
    "UniqueId" : 3232553727,
    "Pos" : {
      "X" : 14.609367,
      "Y" : 0.0,
      "Z" : 2.11E-42
    }
  }, {
    "GroupNo" : 1145343604,
    "UniqueId" : 3280537874,
    "Pos" : {
      "X" : 966.55524,
      "Y" : 0.0,
      "Z" : 2.113E-42
    }
  }, {
    "GroupNo" : 1138654413,
    "UniqueId" : 3281070477,
    "Pos" : {
      "X" : 758.00586,
      "Y" : 1.4E-45,
      "Z" : 1.1251E-41
    }
  } ],
  "fileSize" : 96
}